summary,reference_title,generated_title
شاخص کل بورس اوراق بهادار کشورهای اروپایی با رگه و حالت‌هایی از احتیاط در نوسان بود.,نوسان در شاخص کل بورس اوراق بهادار کشورهای اروپایی,شاخص بورس اروپا با نوسانات در روز جمعه بسته شد. / بورس لندن، پاریس، فرانکفورت، استکهلم، آمستردام، مادرید، آتن، بارسلون، لیسبون، پرتغال، مونیخ، برلین، کپنهاگ، زاگرب، بلگراد، ورشو، ویلنیوس، ریگا، تالین، بوداپ
جانشین فرماندهی انتظامی استان اصفهان، از مساعدت ویژه این فرماندهی به مناسبت هفته ناجا برای مشمولان غایبی که هر چه زودتر خود را معرفی کنند خبر داد.,مساعدت ویژه پلیس اصفهان با مشمولان غایبی که خود را معرفی کنند,معرفی مشمولین غایب در استان اصفهان با تسهیلات ویژه انجام می‌شود / جانشین معاون انتظامی استاندار اصفهان / ۳۱ اردیبهشت ۹۸ / ۰۵:۰۰:۰۰ / ۱۳۹۸/۰۵/۳۱ ۰۱:۰۲:۰۰ صبح / ۵۴۱۶۸ / اخبار استان اصفهان / اصفهان نیوز / اصفهاننیوز - اخبار اصفهان و استان اصفهان - اصفهان نیوس - اصفهان
محبی، معاون توسعه ناوگان کشتیرانی گفت: بیش از نیمی از سوخت کم سولفور مورد نیاز کشتیرانی جمهوری اسلامی ایران، طی ۱۰ ماه گذشته از پالایشگاه اراک تامین شده است.,تحویل ۱۴۰ هزار تن سوخت کم سولفور طی ۱۰ ماه به کشتیرانی,تامین ۵۵ درصد سوخت کشتی‌ها از اراک در سال ۹۸ » پایگاه خبری تحلیلی ایران‌نیوز » ایران نیوز » اخبار ایران » اخبار اقتصادی » اخبار سیاسی » اخبار اجتماعی » اخبار بین الملل » اخبار ورزشی » اخبار فرهنگی » اخبار هنری » اخبار علمی » اخبار فناوری » اخبار نظامی » اخبار مذهبی » اخبار محیط زیست » اخبار گردشگری » اخبار پزشکی » اخبار قضایی » اخبار حقوقی » اخبار کشاورزی » اخبار
تهران ایرنا وزارت امور خارجه ایران دقایقی پیش در توئیتر نوشت که آمریکا با افزایش فشار بر مردم ایران با ویروس مرگبار کرونا همدست شده است.,وزارت امور خارجه ایران: همدستی آمریکا با کرونا را فراموش نمی‌کنیم,افزایش فشار آمریکا بر ایران در شرایط کرونایی / همدستی آمریکا با این ویروس »کرونا« »مرگبار« »مردم« »ایران« »با« »افزایش« »فشار« »بر« »آنها« »همدست« »شده« »است« »/» »تهران» »ایرنا» »وزارت« »امور« »خارجه« »ايران« »تو
استاد دانشگاه و کارشناس مسائل آمریکا گفت: مخاطب و هدف توییت‌های ضد ایرانی ترامپ در آستانه انتخابات جلب کمک و حمایت صهیونیست‌های آمریکاست.,استاد دانشگاه: مخاطب توییت‌های ضدایرانی ترامپ صهیونیست‌ها هستند,هدف توییترهای ضد ایران در آمریکا، جلب حمایت یهودیان آمریکایی است / تحلیل کارشناس آمریکایی / خبرآنلاین | خبر آنلاین | اخبار ایران و جهان | ایران | جهان | سیاسی | اقتصادی | اجتماعی | فرهنگی | ورزشی | حوادث | بین الملل | خاورمیانه | آمریکا | اروپا | آسیا | آفریقا | امریکای لاتین | خلاصه خبر | متن کامل خبر | تصاویر | ویدئو |
تهران-معاون هماهنگی امور اقتصادی استاندار تهران از تعیین قیمت مرغ در خرده فروشی‌های تهران خبر داد و گفت: مرغ گرم به قیمت ۲۰ هزار و ۴۰۰ تومان عرضه شود و مرغ منجمد نیز با قیمت ۱۵ هزار تومان برای هر کیلو در دسترس اقشار کم برخوردار قرار بگیرد.,قیمت مرغ در تهران تعیین شد,تعیین قیمت مناسب مرغ برای تهرانی‌ها / مرغ ۲۴ هزار تومانی در تهران عرضه می‌شود! / قیمت ۱۴۰۱ مرغ را بشناسید! / ۵ نکته مهم در مورد قیمت روز مرغ / قیمت امروز ۳۱ شهریور مرغ و ماهی را ببینید / قیمت روز ۳۰ شهریور ماهی، مرغ، گوشت گوساله و... را بشنوید! / اعلام قیمت روزانه گوشت طیور و
معاون وزیر نفت در امور پتروشیمی بر انتقال دانش و تجربه و حرکت به سمت جانشین پروری در صنعت پتروشیمی کشور تاکید کرد.,لزوم توجه به انتقال دانش و تجربه و جانشین پروری در صنعت پتروشیمی,تاکید بر حرکت به سوی جانشینی در صنایع پتروکیمیایی کشور / انتقال دانش فنی ضروری است.
شهردار شیرین سو از جدول‌گذاری و تعویض تمامی جداول فرسوده هدایت رواناب‌ها و مشکل نبود شبکه فاضلاب شهری در این شهر خبر داد.,شهر شیرین‌سو شبکه فاضلاب ندارد,جدول‌های فرسودة هدایت‌رواناب‌ها در شیرین‌سو تعویج می‌شود / مشکل فاضلال شهری حل می‌شود؟ / جدول‌ها به کجا می‌روند؟ / چراغ‌های راهنمایی و رانندگی چگونه کار می‌کنند؟ / پدافند غیرمسلح چگونه است؟ / راه‌اندازی سامانه نظارت بر ترافیک / پایتخت ۱۴۰۰ چگونه خواهد بود؟ / چه کسانی
نزدیک شدن به پایان تحریمهای ضد ایرانی و همچنین ضعف اقتصاد چین سبب شد قیمت شاخص نفت خام برنت به زیر ۲۹ دلار برسد.,قیمت برنت به زیر ۳۰ دلار سقوط کرد,قیمت نفت برنت زیر ۳۰ دلار می‌رود / تحریم‌های آمریکا علیه ایران پایان می‌یابد؟! / قیمت نفت در سال ۲۰۱۹ به ۶۰ دلار می‌رسد؟!؟!?!?!?!?!!!?!?!???!?!???!!!??!?!?!!?!?!!!!!!!!!?!?!????!!!!!!!???????!!!!!!!!!???????!!!!!?????!!!!!??????!!!!!????!!!!!????!!!!!!!!!???????????????!!!!!!!!!!!!!!!!!????????????????????????????????????????????????????
رئیس اداره پژوهش و توسعه شرکت نفت مناطق مرکزی ایران از تصویب ۷۱ پروژه تحقیقاتی به مبلغ ۱۴۰ میلیارد ریال در این شرکت خبر داد.,تصویب ۷۱ عنوان پروژه تحقیقاتی در شرکت نفت مناطق مرکزی,اجرای ۱۷۰ پروژه پژوهشی در شرکت نفت میادین مرکزی در سال ۹۸ / ۱۳۹۹ میلیارد تومان بودجه تخصیص داده شد.
معاون وزیر کار، تعاون و رفاه اجتماعی گفت: تاکنون ۲۳ هزار و ۶۶۷ میلیارد ریال تحت عنوان تسهیلات کرونا از سوی بانکهای عامل به مشمولان پرداخت‌شده است.,پرداخت بیش از دو هزار میلیارد تومان تسهیلات ویژه کرونا,پرداخت ۲۳ تریلیون ریال کمک کرونایی از بانک‌ها به کارگران انجام شده است.
قم-عضنفری، معاون استاندار قم، ذخیره کالاهای اساسی مورد نیاز در استان قم را مطلوب دانست و گفت: برای ماه‌های آینده هم کالاهای اساسی پرمصرف مردم ذخیره‌سازی شده است.,ذخیره کالاهای اساسی برای چند ماه آینده در قم؛ توزیع روزانه ۸۰ تن مرغ,ذخایر کالای اساسی در قم مطلوب است / ذخیرة کالای گندم و برنج در قم ۱ میلیون و ۸۰۰ هزار تن است.
معاون مدیرعامل شرکت ملی صنایع پتروشیمی با اشاره به درگیریهای صورت گرفته در منطقه و همینطور تنشهای موجود، ایران را امن‌ترین منطقه برای سرمایه گذاری در صنعت پتروشیمی دانست و از حضور سرمایه گذاران در این صنعت استقبال کرد.,ایران امن‌ترین منطقه برای سرمایه گذاری در صنعت پتروشیمی است,ایران امن‌ترین کشور برای سرمایه‌گذاری در صنعت نفت و گاز است / حضور سرمایه‌گذاران را تشویق می‌کنیم.
معاون مسکن شهری بنیاد مسکن انقلاب اسلامی درباره طرح اقدام ملی رونق تولید مسکن گفت: متقاضیان دریافت مسکن در شهرهای کمتر از ۱۰۰ هزار نفر می‌توانند از شهریور در سامانه طرح ملی مسکن ثبت‌نام کنند.,ثبت‌نام طرح ملی مسکن از شهریورماه آغاز می‌شود,ثبت نام در طرح مسکن برای شهرک‌های کمتر از یکصد هزار نفری آغاز می‌شود / شهریور ماه ثبت نام آغاز می شود.
منصوریان، نماینده سازمان بنادر و دریانوردی در سازمان بین‌المللی دریانوردی (آیمو) جزییات هفتاد و پنجمین اجلاس کمیته حفظ محیط‌زیست دریایی (MEPC ۷۵) را تشریح کرد.,تشریح جزییات مواضع ایران در اجلاس محیط‌زیست دریایی,جزئیات ۷۰ و ۷۱ اجلاسیه کمیته MEPC در سازمان آیمو اعلام شد / گنجانده شدن ایران در لیست کشورها برای پیوستن به پروتکل کپنهاگ / تصویب قطعنامه‌ای برای کاهش انتشار گازهای گلخانه‌ای در حمل‌ونقل دریایی / اظهار تمایل ایران برای عضویت در کنوانسیون بین‌المللی حفاظت از حیات وحش دریایی
تهران ایرنا-محمد جواد ظریف وزیر امور خارجه جمهوری اسلامی ایران روز شنبه در پیامی توئیتری نوشت که با وانگ یی همتای چینی خود، مذاکرات سودمندی در شهر تنگ چونگ در باره برنامه جامع همکاری راهبردی دو کشور داشته است.,ظریف مذاکرات با چین در باره همکاری راهبردی را سودمند خواند,ظریف: مذاکره با چین در تانگ چونگ سودمند بود / دو طرف به توافق رسیدند.
نائب رئیس شورای اسلامی شهر اصفهان گفت: کارشناسان و مدیران شهری باید براساس علم، دانش و تجربه حرکت کنند تا به اهداف تعیین‌شده براساس آینده پژوهشی برسند و سلامت شهرها را تضمین کنند.,آینده پژوهی شهری به دور از سیاسی کاری انجام شود,نایب‌رئیس شورای شهر اصفهان: باید بر اساس علم و دانش حرکت کنیم / سلامت شهر باید تضمین شود / آینده‌پژوهی ضروری است.
موسسه خدمات سرمایه گذاری مودیز روز شنبه (۲۵ اردیبهشت‌ماه)، رتبه اعتباری چند کشور عمده تولید کننده نفت از جمله عربستان، بحرین و عمان را به دلیل سقوط قیمت نفت، کاهش داد.,مودیز رتبه اعتباری عربستان را کاهش داد,کاهش رتبه اقتصادی کشورهای تولیدکننده نفت به دلیل کاهش قیمت نفت / عربستان در رده پایین‌ترین رتبه قرار می‌گیرد
موسسه فاینانس بین‌المللی (آی‌آی اف) هشدار داد با توجه به افزایش هزینه‌کردهای دوات‌ها و شرکت‌ها برای عبور از بحران کرونا بدهی جهانی تا پایان امسال به ۲۷۷ تریلیون دلار خواهد رسید.,هشدار موسسه فاینانس بین‌المللی / جهان با سونامی بدهی روبرو است,بدهی جهانی در سال ۲۰۲۰ به ۲.۷۷ تريليون دلار می‌رسد / هشدار آی‌آی‌اف به کشورها درباره بحران اقتصادی کرونایی / کاهش تولید ناخالص داخلی جهان به ۳.۳ درصد پیش‌بینی می‌شود.
سیدعباس صالحی وزیر فرهنگ و ارشاد اسلامی به دیدار ایران درودی هنرمند نقاشی رفت.,وزیر ارشاد به دیدار ایران درودی رفت,سیدعباس صالحی وزیر فرهنگ و ارشاد اسلامی به...
وزیر علوم تحقیقات و فناوری گفت: بحث حذف کنکور باید با جایگزینی یک مدل جدید برای سنجش و پذیرش دانشجو در دانشگاه‌ها به ویژه رشته‌هایی که داوطلب علاقمند زیاد دارند، صورت گیرد.,حذف کنکور شرط دارد,جایگزین کنکور چه باید باشد؟ / وزیر علوم و تحقیقات پاسخ داد.
دادگاه عالی جنایی آنکارا امروز پنجشنبه ۲۹ نفر دیگر را به اتهام دست داشتن در کودتای نافرجام سال ۲۰۱۶ به حبس ابد محکوم کرد.,حبس ابد برای ۲۹ نفر دیگر به اتهام دست داشتن در کودتای نافرجام ترکیه,محاکمه ۲۹ تن دیگر در دادگاه کودتا به اتمام رسید / ۲۹ نفری به اعدام و ۳ نفر دیگر به ۸ سال حبس محاکوم شدند.
کارشناسان روس سرنوشت اسف‌باری برای روبل دیجیتالی این کشور پیش‌بینی می‌کنند زیرا به گفته آنها راه‌اندازی این ارز مجازی به معنای افزایش هزینه‌ها برای بانکها و مشکلات امنیتی برای مشتریان خواهد بود. روبل واحد پول روسیه است.,پیش‌بینی آینده غم‌انگیز برای روبل دیجیتالی در روسیه,روسیه روبل مجازی خود را با مشکل روبه‌رو می‌کند! / راه اندازی روبل دجیتال به ضرر روسیه خواهد بود! / روبل رو به سقوط می‌رود! / قیمت روبل در بازار جهانی رو به رکود می‌افتد! / روسیه روبل خود را از بازار جهانی حذف می‌کند؟! / کاهش ارزش روبل و افزایش نرخ تورم در روسیه! / نرخ دلار و یور
رئیس‌جمهور آذربایجان در اظهاراتی از آمادگی کشورش برای مذاکره با ارمنستان با هدف پایان دادن به بحران قره‌باغ خبر داد.,آمادگی آذربایجان برای مذاکره با ارمنستان درباره بحران قره‌باغ,آمادگی آذربایجانی‌ها برای پایان جنگ قره باغ / مذاکرات با ارمنی‌ها آغاز می‌شود؟
فدراسیون بین‌المللی فوتبال در نامه ارسالی خود، فدراسیون فوتبال ایران را به تعلیق تهدید کرده است.,فیفا فدراسیون فوتبال ایران را به تعلیق تهدید کرد,فدارسیون فوتبال ایران در معرض تعلیقی قرار می‌گیرد؟! / نامه تهدیدی از سوی فیفا به فدارسیون ایران! / فدارسیون فوتبال ایران چه باید بکند؟!؟!?!?!?!!?!?!?!??!?!?!!!?!?!???!!!?!!!???!!!???!!!!!!!???????!!!!!!!!!???????!!!!!?????!!!!!??????!!!!!!!!!???!!!!!!?????!!!!!!!!!??!!!!!!!??!!!!
مدیرعامل بنیاد فرهنگی البرز از موسسات وابسته به سازمان اوقاف و امور خیریه در پنجاه و هشتمین همایش ملی جایزه سال بنیاد البرز که با حضور نماینده ولی‌فقیه و رئیس سازمان اوقاف و امور خیریه و جمعی از مسئولان برگزار شد، از دانش‌آموزان برتر کشور با اهدا لوح، تندیس و جوایز نقدی قدردانی کرد.,پنجاه وهشتمین جایزه سال بنیاد البرز به دانش‌آموزان برتر کشور اهدا شد,اهدای لوح و جوایزی به برترین دانش آموزان کشور از سوی بنیاد فرهنگ البرز / تقدیر از ۵۰۰ دانش آموز برتر / ۱۰۰ میلیون ریال جایزه نقدی برای برترین‌ها / اهدای ۵۰ لوح تبریک و ۵۰ جایزه ۵ میلیون ریالی به دانش‌آموختگان برتر دانشگاه‌ها و مراکز آموزش عالی استان البرز در رشته‌های مختلف علوم پزشکی و غیرپزشکی / تقد
اگرچه زباله‌ها بخش جدانایی‌پذیری از زندگی روزمره انسان هستند اما بسیاری از کشورهای جهان راهکارهای جالبی برای بازیافت مواد زائد و هدر رفتن منابع سودمند در پیش گرفته‌اند.,کشورهای آسیایی پرچم‌داران بازیافت زباله در جهان,راه‌حل‌های جالب برای بازیابی مواد زاید در جهان / ایران هم می‌تواند از آنها بهره ببرد؟! / تصاویر / فیلم / خبرگزاری مهر | اخبار ایران و جهان | تسنیم | ایران | جهان | سیاسی | اجتماعی | اقتصادی | ورزشی | فرهنگی | هنری | علمی | فناوری | محیط‌زیست | فناوری اطلاعات | فناوری ارتباطات | پزشکی | نظامی | بین‌الملل | خبری | تازه‌ها | گزارش تصویری | گزارش صوتی
بدرالزمان قریب، به عنوان پژوهشگر فرهنگ و زبان‌های باستانی این مرز و بوم شناخته می‌شد که خدمات فرهنگی ارزنده بر قله افتخارات کشور افزوده است. او علاوه بر تحصیل علوم دینی، کتاب‌هایی را نیز درباره ادبیات فارسی و عربی و همچنین تاریخ ادبیات و خطاطی نوشته از خود برجای گذاشته است.,درباره بدرالزمان قریب,خدمات فرهنگی قریب در راه ماندگاری زبان و ادب فارسی / معرفی کتاب «تاریخ ادبیات» قریب به زبان انگلیسی و فرانسوی و آلمانی و ایتالیایی و اسپانیایی و پرتغالی و روسی و چینی و ژاپنی و کره‌ای و لهستانی و سوئدی و دانمارکی و نروژی و فنلاندی و اتریشی و مجارستانی و بلغاری و یونانی و رومانیایی /
داده‌ها نشان می‌دهد بی‌پی برای ذخیره‌سازی نفت، یک نفتکش را با کمترین قیمت امسال اجاره کرده است.,بی‌پی امسال با کمترین قیمت نفتکش اجاره کرد,بی‌پی کمترین هزینه را برای اجاره نفتکش پرداخت می‌کند / ۱۰۰ میلیون دلار صرفه‌جویی می‌کند.
شهردار بندر چابهار در جنوب سیستان‌وبلوچستان گفت: پروژه جاده کمربندی شمالی با مشارکت ۷۰ درصدی سازمان منطقه آزاد، ۳۰ درصدی شهرداری و سازمان راهداری و حمل‌ونقل جاده‌ای این شهرستان ساخته و تکمیل می‌شود.,جاده کمربندی شمالی چابهار تکمیل می‌شود,تکمیل جاده بندرچابهار تا پایان سال ۱۴۰۰ به اتمام می‌رسد / ۳۰۰ میلیارد تومان اعتبار اختصاص داده شده است.
رضا جعفرزاده، سخنگوی سازمان هواپیمایی از کاهش ۷۰ تا ۹۰ درصدی سفرهای هوایی مردم در روزهای گذشته درپی شیوع ویروس کرونا در کشور خبر داد.,کاهش ۷۰ تا ۹۰ درصدی سفرهای هوایی,کاهش شدید سفرهای مسافری هوایی در پی شیوع کروناویروس / کاهش ۸۰درصدی پروازهای داخلی و بین‌المللی / افزایش ۵۰۰درصتی باربری هوایی / ۱۰۰هزار نفر از مسافران هوایی به دلیل شیوع کووید-۱۹ بازنشانی شدند. / ۶هزار و ۸۰۰ نفر از کارکنان شرکت‌های هواپیمایی در این مدت از کار برکنار شده‌اند.
دونالد ترامپ بار دیگر شیوه انتخابات پستی و تلاش دموکرات‌ها برای استفاده از آن در انتخابات ریاست جمهوری سوم نوامبر را زیر سوال برد.,حمله ترامپ به دموکرات‌ها و انتخابات پستی,ترامپ به شیوه رای‌گیری پستی توهین کرد / دیموکرات‌ها به او پاسخ دادند / کنگره آمریکا به این موضوع رسیدگی می‌کند / ترمیم قانون انتخابات در دستور کار قرار گرفت / کاخ سفید به کنگرس آمریکا هشدار داد / ترامپی‌ها به دیموکراسی آمریکا تهدید می‌کنند / کاندیداهای دیمقراطی به کاخ‌سفید هشدار می‌دهند
سمنان-صالحیان، کارشناس اقتصادی بابیان اینکه سهم تسهیلات مسکن از اعتبارات تسهیلات استان سمنان بسیار ناچیز است، گفت: مردم با تسهیلات بانکی نمی‌توانند هرگز صاحب‌خانه شوند.,سهم ناچیز تسهیلات در بازار مسکن / وام مشکلی حل نمی‌کند,سهم مسکن در اعتبارت تسهيلات استان بسيار پايين است / مردم هرگز نمي‌توانند صاحب خانه شوند. / صالحیان. / اقتصاد. / خبرگزاری تسنیم. / تسنيم نیوز. / ایران. / خبری. / تازه‌ها. / سیاسی. / اجتماعی. / اقتصادی. / فرهنگی. / ورزشی. / حوادث. / بین الملل. / معیشت. / صنعت. / کشاورزی.
اعضای بنیاد ملی نخبگان می‌توانند تابستان امسال با ۹۰ درصد تخفیف از خدمات آزمایشگاهی بهره‌مند شوند.,نخبگان ۹۰ درصد تخفیف خدمات آزمایشگاهی می‌گیرند,تخفیف ۹० درصدی برای اعضا بنیاد نخبگانیان در تابستان ۹۹ / هزینه آزمایش‌های پزشکی کاهش می‌یابد.
رییس سازمان سنجش آموزش کشور اعلام کرد: ثبت‌نام برای پذیرش بدون آزمون کارشناسی ارشد ۹۹ به زودی آغاز می‌شود.,ثبت‌نام پذیرش بدون آزمون کارشناسی ارشد ۹۹ به زودی آغاز می‌شود,ثبت‌نام بدون آزمون کاردانی و کارشناسی ناپیوسته ۹۸ آغاز شد / آغاز ثبت نام بدون آزمون ارشد ۱۳۹۹ در آتیه اعلام می‌شود.
وزیر صنعت و انرژی قطر اعلام کرد که باور دارد تمدید توافق کاهش تولید اوپک تا سه ماه نخست سال ۲۰۱۸ میلادی مزیت‌هایی دارد.,تمدید توافق کاهش تولید مطلوبیت دارد,تمدید کاهش تولید نفت اوپکی مزیت دارد / وزیر صنعت قطر / قطر به کاهش تولید ادامه می‌دهد.
وزیر صنعت، معدن و تجارت با اشاره به روند رو به رشد صنایع تکمیلی و پایین دستی، گفت: اکنون ۱۲ هزار واحد تولیدی در صنایع تکمیلی پتروشیمی در حال فعالیت هستند.,۱۲ هزار واحد تولیدی در صنایع تکمیلی پتروشیمی فعالیت می‌کنند,تعداد واحدهای تولیدی صنایع پایین‌دست پالایشگاه‌ها به ۱۲هزار واحد رسید / ۳۰۰ میلیارد دلار سرمایه‌گذاری در این صنایع صورت گرفته است. / ۱۰۰ هزار نفر مشغول به کار هستند. / سالانه ۴ میلیارد متر مکعب گاز مصرف می‌شود. / تولید ۵ میلیون تن پلاستیک در سال ۹۹ انجام شد. / صادرات ۲ میلیون و ۸۰۰ هزار تنی پلا
رییس‌کل بانک مرکزی در پست اینستاگرامی با تشریح جزییات سفر به عراق، نوشت: در دیدار با نخست‌وزیر عراق، وی از حصول توافق ابراز خرسندی و استقبال کرده و دستورات لازم به بانک‌های مرکزی و تجارت عراق جهت تسریع در اجرای توافقات را صادر کرد.,گزارش مهم همتی از توافق با عراق برای آزاد کردن منابع ایران,دستورالعمل‌های لازم برای اجرای توافق‌های اقتصادی با عراق صادر شد / ۱۰۰ میلیارد دلار سرمایه‌گذاری ایران در عراق پیش‌بینی می‌شود.
صندوق نجات اقتصادی منطقهورو اعلام کرد که اتحادیه اروپا برای گذر از رکود پساکرونا به کمک موسسات اروپایی با مبلغ حداقل ۵۰۰ میلیارد یورو نیاز دارد.,نیاز ۵۰۰ میلیارد دلار برای نجات اقتصاد اروپا,اتحادیه اروپا به کمک ۵۵۰ میلیارد دلاری نیاز دارد / رکودی که در سال ۲۰۲۰ پیش‌بینی می‌شد، یک سال به تاخیر افتاده است.
مدیرعامل سازمان فاوا شهرداری مشهد از آغاز به کار آزمایشی سامانه جامع مدیریت نمایشگرهای شهری در اردیبهشت‌ماه جاری خبر داد.,آغاز به کار سامانه جامع مدیریت نمایشگرهای شهری مشهد,آغاز آزمایش سامانه مدیریت نشانگرهای شهر مشهد / ۱۰۰۰ نشانگر شهری در این سامانه ثبت نام کرده‌اند / ۵۰۰ نشانگر دیگر نیز در حال ثبت نام هستند. / ۶۰ درصد نشانگرها به صورت خودکار و ۴۰ درصد به صورت دستی ثبت نام می‌شوند. / نشانگرهایی که در سامانه به ثبت می‌رسند، ۲۴ ساعته تحت نظارت قرار می‌گیرند. / در صورت مشاهده هرگونه تخلف
رییس‌کل بانک مرکزی گفت: سامانه ارتباطات مردمی گامی مهم در گره‌گشایی از مشکلات مردم است و در رسیدگی سریع نسبت به مشکلات مردم موثر واقع خواهد شد.,سامانه ارتباطات مردمی، گامی مهم در گره‌گشایی از مشکلات مردم,گام مهم بانک مرکزی برای حل مشکلات مردم / سامانه جدید ارتباط با بانک مرکزی راه‌اندازی می‌شود / 24 ساعته پاسخگویی به سوالات مردم از طریق این سامانه امکان‌پذیر است.
وزیر راه و شهرسازی از شرکت در همایش بین‌المللی ظرفیت‌های ترانزیتی اوراسیا، ملاقات با مقامات و وزرای شرکت‌کننده در این همایش و همچنین پیگیری توسعه روابط کشورمان با جمهوری ارمنستان در حوزه حمل و نقل و ترانزیت به همراه رئیس‌جمهور خبر داد.,مشارکت وزیر راه در همایش ترانزیتی اوراسیا,حضور وزیر راه در همايش بين‌المللي ظرفيت‌هاي ترانزيتي اوراسياي 2019 / پيگيري توسعه روابط ايران با جمهوري ارمني در حوزه ترابري و ترازيت / گفتگو با رئيس جمهور ارمنستن در زمينه توسعه روابط دو کشور در حوزه اقتصادي و ترابری / ويژگي‌ها و قابليت‌هاي ترازيتي جاده اوراسيا / گسترش روابط اقتصادي ايران و ار
عظیمی، مدیر اجرایی و دبیر شورای هماهنگی طرح احیا، فعال‌سازی و توسعه معادن کوچک مقیاس گفت: این طرح، بسترساز ایجاد نهضت فرآوری، نوآوری و کارآفرینی در بخش معدن بوده است. رضا عظیمی در عین حال به تاثیرات این طرح در سه مقطع زمانی پرداخت.,طرح احیای معادن کوچک، بسترساز ایجاد نهضت نوآوری و کارآفرینی,تاثیرات طرح احیای معادن در ۳ مقطع مختلف زمان بررسی می‌شود / این طرح بستری برای نوآورانه شدن صنعت معدن فراهم کرده است.
اظهارات یک کارشناس صداوسیما درباره انتخابات آمریکا با واکنش محمد مهاجری روبرو شد.,انتقاد مهاجری از اظهارات عجیب کارشناس صداوسیما درباره انتخابات آمریکا: کاش می‌فهمیدید چه خدمتی به مخالفان شورای نگهبان می‌کنید,واکنش محمدرضا آیت‌اللهی به اظهارات کارشناس صدا و سیما در مورد انتخابات آمریکا / این حرف‌ها چه ارتباطی با ایران دارد؟
ایرنا و فلز زرد وارد کانال کمتر از یک هزار و ۸۰۰ دلاری شد.,قیمت طلا بازار هم ریخت,پایین شدن قیمت فلزات در بازار جهانی / واردات ایرنا به کانال ۱۱۸۰ دلاری رسید.
جبار علی اللعیبی، وزیر نفت عراق، عضو سازمان کشورهای صادر کننده نفت (اوپک)، شماری از مقام‌های بلندپایه وزارتخانه متبوع خود را به منظور تقویت توانایی افزایش تولید نفت عراق، تغییر داد.,جابجایی در سطح معاونان وزارت نفت عراق,تغییر مدیرعامل شرکت ملی نفت عراق در اوپک
بیش از ۱۵۶ هزار خانوار در طرح ثبت‌نام کالابرگ نفت سفید الکترونیک در استان سیستان و بلوچستان ثبت‌نام کردند.,ثبت‌نام بیش از ۱۵۶ هزار خانوار سیستان و بلوچستانی در سامانه کالابرگ نفت سفید,ثبت‌نام بیش از یکصد و شصت و شش هزار نفر از خانوارهای نیازمند در طرح کالا‌برگ نفتی در سیستان‌وبلوچستان به اتمام رسید.
دادفر، دبیر انجمن واردکنندگان خودرو و رئیس انجمن همگن قطعه‌سازی در خصوص دپو شدن خودروها در پارکینگ و بالارفتن قیمت‌ها بحث و گفتگو کردند.,دپوی بالای ۱۰۰ هزار خودرو در پارکینگ‌ها,دپوی خودروهای وارداتی و افزایش قیمت‌ها؛ چرا؟ / دادفر: قیمت‌ها افزایش می‌یابد / دپوی ۳۰۰ هزار خودرو در کشور وجود دارد؟ / افزایش قیمت‌های قطعات ۱۰۰ درصدی است؟ / قیمت‌ها به دلیل افزایش نرخ ارز افزایش یافته است. / افزایش ۵۰ درصتی در قیمت قطعات در سال ۹۸ اتفاق افتاد. / قیمت قطعه‌های وارداتی ۵۰ درصد افزایش یافت. /
سرپرست سازمان آتش‌نشانی و خدمات ایمنی شهرداری رشت گفت: آتش‌نشانان و تیم‌های امداد نجات این سازمان در ۲۴ ساعت گذشته به ۱۲ عملیات اطفای حریق، حادثه و خدمات ایمنی اعزام شدند.,انجام ۱۲ عملیات در ۲۴ ساعت گذشته توسط آتش نشانان رشتی,اعزام ۱۲ تیم امداد و نجات به ۲۴ عملیات در رشت / ۲ نفر جان خود را از دست دادند / ۳ مورد آتش‌سوزی در اماکن مسکونی رخ داد / ۱ مورد آتش سوزی در انبار مواد خطرناک / ۴ مورد حریق در خودروها و وسایل نقلیه / ۵ مورد حوادث و تصادفات جاده‌ای / ۶ مورد خدمات امدادی و ایمنی / ۷ مورد
بندرعباس-رنجبر، رئیس اتحادیه صنف مشاورین املاک بندرعباس گفت: تعطیلی دو هفته‌ای دفاتر مشاور املاک نه‌تنها کمکی به پیشگیری بیماری کرونا نمی‌کند بلکه موجب سردرگمی مردم و احجاف در حق مستاجران خواهد شد.,تعطیلی دفاتر مشاور املاک اجحاف در حق مستاجران است,تعطیلی دفتر مشاوران نه تنها به کرونای جلوگیری نمی‌کند، بلکه به ضرر مردم است» / رنجبر » / ۱۳۹۹/۰۵/۰۱ ۰۹:۴۵
وزیر نفت و منابع طبیعی هند اعلام کرد که شرکت نفتی چنای پترولیوم (CPCL) که بخشی از سهامش در اختیار ایران است باید با شرکت نفت هند که شرکت مادرش محسوب می‌شود ادغام شود.,تصمیم وزارت نفت هند درباره سهام ایران در یک شرکت هندی,ادغام شرکت‌های نفتی ایران و هند در دستور کار قرار می‌گیرد / ایران ۵ درصد سهام CPCL را در اختیار دارد.
شهردار ساری گفت: بعد از آغاز به کار کارخانه تولید موزائیک در ابتدای سال که شهرداری ساری را در بخش پروژه‌های پیاده‌روسازی به خود کفایی کامل رساند، در راستای اتکا به توان و ظرفیت درون سازمانی، راه‌اندازی خط تولید بتن RCC در حال انجام است.,راه‌اندازی خط تولید بتن RCC شهرداری ساری,خط تولید بتنی RCC در ساری راه اندازی می‌شود / ۱۰۰ میلیون مترمربع بتن در سال تولید می‌شود.
دستگاه‌های جت پرینتر به منظور درج تاریخ تولید و انقضا و اطلاعات متغیر بروی محصولات تولیدی و صنعتی استفاده می‌شود.,جت پرینتر یا تاریخ زن و انواع آن,استفاده از دستگاه جتپرینتر برای درج اطلاعات روی محصولات صنعتی و تولیدی / مزایای استفاده از این دستگاه‌ها چیست؟
رئیس مرکز طرح ­های کلان ملی فناوری از حمایت معاونت علمی از طرحهای کلان ملی خبر داد و گفت: اکنون ۱۶۰ طرح ملی در حال اجراست که معاونت علمی تاکنون ۵۰ میلیارد تومان از آنها حمایت کرده است.,۱۶۰ طرح کلان ملی در ۱۰ حوزه اجرا می‌شوند,معاون علمی از حمایت از طرح‌های کلان ملي خبر داد / ۵۰میلیارد تومان حمایت شده است.
کمیته بین‌المللی المپیک نام دو ورزشکار دیگر حاضر در المپیک ۲۰۱۲ لندن را که نمونه آزمایش آن‌ها مثبت شده را اعلام و نام آنها را از جدول رقابت‌ها کنار گذاشت.,مثبت اعلام شدن دوپینگ دو ورزشکار در المپیک لندن,دو نفر دیگر از ورزشکاران لندنی به دلیل مثبت بودن نمونه آزمایششان کنار گذاشته می‌شوند.
نماینده تجارت فدراسیون روسیه اعلام کرد: سهم تسویه حساب‌های متقابل بین روسیه و ایران در ارزهای ملی از ۵۰ درصد فراتر رفته است.,افزایش ۵۰ درصدی حجم مالی ایران و روسیه با ارزهای ملی,سهم ارز ملی در مبادلات تجاری ایران و روسیه ۵۰ درصدی فراتر می‌رود.
روز گذشته بزرگترین گلخانه پشت‌بام جهان در شهر مونترال، دومین شهر بزرگ کانادا افتتاح شد.,بزرگترین گلخانه پشت‌بام جهان در مونترال افتتاح شد,بزرگ‌ترین گلخانه پستی جهان در کانادا راه‌اندازی شد. / عکس + ویدئو
رئیس انجمن جراحان پلاستیک و زیبایی ایران، نسبت به انجام جراحی‌های زیرزمینی زیبایی در شرایط کرونا هشدار داد.,انجام جراحی‌های زیرزمینی زیبایی در شرایط کرونا,هشدار نسبت به جراحی زیبایی زیر زمینی کرونایی / خطر بروز عوارض را افزایش می‌دهد.
مقامهای حیات وحش کالیفرنیا روز سه‌شنبه (پنجم خرداد ماه) از مرگ پستانداران دریایی و پرندگان در پی ترکیدن و نشت نفت از خط لوله انتقال نفت این ایالت خبر دادند.,مرگ ده‌ها پرنده و پستاندار دریایی در اثر نشت نفت از خط لوله کالیفرنیا,مرگ ۲ هزار پرنده در اثر نشت نفتی در کالیفورنیا گزارش شد / تخریب زیست‌محیطی در آمریکا افزایش می‌یابد؟!؟!?!?!!?!?!?!?!!!?!?!??!?!?!???!!!???!!!???????!!!!!!!??????!!!?????!!!!!!!???!!!!!!!!!??????!!!!!!!!!???!!!!!!????!!!!!!!!!??!!!!!!!??!!!!!!??!!!!!??!!??!!!??!!???!!!??!!!???
شهرضا معاون برنامه‌ریزی و توسعه فرمانداری شهرضا از شناسایی ۳۲ نقطه حادثه‌خیز دورن شهری و شش نقطه حادثه‌خیز برون‌شهری در دو ماه گذشته در این شهرستان خبر داد.,شناسایی ۳۲ نقطه حادثه‌خیز دورن شهری,شناسایی نقطه‌های خطرناک در شهرضا در ۲ ماه اخیر / ۳۸ نقطه خطرپذیر شناسایی شد.
معاون بهداشت دانشگاه علوم پزشکی تهران، گفت: افراد دیابتی در صورت ابتلا به کرونا، دچار نوع شدید این بیماری می‌شوند.,۱۱ درصد جمعیت بالای ۲۵ سال کشور دیابت دارند,افراد مبتلا به دیابت دچار کرونای شدید می‌شوند / توصیه‌های بهداشتی برای مبتلایان به این بیماری اعلام شد.
مصرف بنزین کل کشور روز چهارشنبه (چهارم فروردین‌ماه) با افزایش هفت درصدی نسبت به‌روز سه‌شنبه (سوم فروردین‌ماه) به ۷۷ میلیون و ۱۰۰ هزار لیتر رسید.,افزایش ۷ درصدی مصرف بنزین در چهارم فروردین‌ماه,مصرف بنزین کل کشور روز چهارشنبه (چهارم فروردین‌ماه)...
مدیر منطقه ۹ شهرداری اصفهان گفت: با پیگیری‌های انجام‌شده هفت هزار و ۵۹۰ مترمربع از اراضی کشاورزی خارج از محدوده این منطقه برای احداث بزرگترین ورزشگاه روباز غرب اصفهان آزادسازی شد.,تملک بیش از ۷ هزار مترمربع زمین برای احداث بزرگترین ورزشگاه غرب اصفهان,آزادسازی ۷ هزار متر مربع زمین برای ساخت ورزشگاه بزرگ غرب اصفهان / تصاویر + ویدئو
با توجه به شیوع ویروس کرونا در آمریکا، نرخ بیکاری در این کشور کاهش پیدا نخواهد کرد.,۲ رقمی شدن نرخ بیکاری در آمریکا,بیکاری آمریکا با شیوع کرونای افزایش می‌یابد / نرخ ۴/۲ درصد پیش‌بینی می‌شود.
رئیس سازمان شهرداری‌ها و دهیاری‌های کشور گفت: کمک دولت به صورت وام‌های کم‌بهره برای رونق بخشی به فعالان این بخش محرک فعالیت گردشگری قلمداد می‌شود، تهیه بسته سفرهای ارزان‌قیمت برای مردم و پیشنهاد آن برای رونق بخشی و تحرک در بخش گردشگری هم می‌تواند با ابزار پرداخت یارانه‌های هدفمند تکمیل و اجرایی شود.,دولت از صنعت گردشگری حمایت کند,پرداخت وام ۵ میلیارد تومانی برای فعالان گردشگری در دستور کار قرار دارد / بسته سفر ارزان قیمتی برای مردم پیشنهاد می‌شود.
عضو شورای اسلامی شهر تهران گفت: اگر شهرداری به وظیفه قانونی خود در قبال معلولان عمل کند بدون شک زمینه‌ساز بهبود و ارتقاء سطح دسترس پذیری آنان در تهران خواهد شد.,شهرداری به وظایف خود در قبال معلولان عمل کند / وجود یک‌میلیون معلول در تهران,ارتقای دسترس‌پذیری معلولین در تهران با عمل شهرداری امکان‌پذیر است / باید به وظایف قانونی عمل کنیم.
مقیمی، مدیرعامل گروه صنعتی ایران‌خودرو از آمادگی تحویل خودرو دنا پلاس توربواتوماتیک به مشتریان خبر داد و گفت: ارسال دعوتنامه به مشتریان منوط به تصویب قیمت نهایی این محصول توسط نهادهای ذیربط است.,قیمت‌گذاری دنا پلاس توربو اتوماتیک در آستانه تصویب,آمادگی گروه ایران خودرو برای تحویل دنا توربو اتوماتیک / دعوت‌نامه به مشتری‌ها منوط است به قیمت‌های نهادها است.
دولت آمریکا از کمیسیون فدرال ارتباطات این کشور خواسته قوانین بیشتری برای کنترل شبکه‌های اجتماعی از جمله فیس بوک و توئیتر تنظیم کند.,گام جدید ترامپ برای کنترل شبکه‌های اجتماعی,آمریکا می‌خواهد قوانین سخت‌تر برای شبکه‌های مجازی تصویب کند / فیس‌بوک و توییتر را هدف قرار می‌دهد!؟!?!?!?!?!!!?!?!???!?!???!!!?!?!!?!?!???????!!!???!!!???????!!!!!!!?????!!!!!!!???!!!!!!!!!????!!!!!!!!!??!!!!!!!!!???!!!!!!??!!!!!!!??!!!!!!????!!!!!!???!!!!!???????!!!!!??!!!!!?????!!!!!??????!!!!!??
منابع صنعت نفت پیش‌بینی کردند که عربستان سعودی و کویت در ماه دسامبر تولید نفت را از میدان‌های نفتی منطقه بی‌طرف میان دو کشور که بطور مشترک از آن بهره‌برداری می‌کنند، از سربگیرند.,عربستان و کویت بهره‌برداری از میدان‌های نفتی را از سر می‌گیرند,تولید نفت از میدان مشترک سعودی-کویتی در دسامبر متوقف می‌شود؟ / منبع صنعت نفت خبر داد.
زنگ خطر طلاق با ثبت یکصد و هفتاد و پنج هزار جدایی در سال ۹۶ در ایران به صدا درآمد.,طلاق رکورد زد,زنگ خطر طلاق با ثبت یکصد و هفتاد...
محققان در یک شرکت دانش بنیان موفق به تولید دستگاهی شدند که پانسمان را تولید می‌کند و می‌تواند از واردات زخمپوش‌ها به کشور جلوگیری کند.,ساخت دستگاهی برای تولید زخم پوش / جایگزینی برای پانسمانهای خارجی,تولید دستگاه تولید زخم‌پوش در شرکت دانش‌بنیان / کاهش واردات ۱۰۰ میلیارد تومانی زخم‌وپوش‌ها از چین و کره جنوبی در سال ۱۳۹۸ / تولید ۵۰۰۰ دستگاه در سال آینده / کاهش ۵۰ درصدی هزینه تولید با استفاده از فناوری نانو / کاهش مصرف مواد اولیه ۶۰ درصد / تولید پانزده نوع زخم پوش با این دستگاه / کاهش زمان تولید ۹۰ درصد با این فناوری
در این مطلب ۶ عنوان کتاب به شما معرفی می‌شود که از آثار مهم ادبیات جهان هستند و از خواندن آنها لذت خواهید برد.,۶ کتاب که باید خواندن آنها را در فهرست کارهای ضروری خود قرار دهید,"۶ اثر مهم ادبی از جهان که خواندنشان لازمه است! + تصاویر
برچسب‌ها: 6 اثر مهم ، ادبیات ، جهان ، کتاب ، معرفی ، آثار ، مهم ، خواندن ، لزوم ، لطفا ، بخوانید ، تصاویر ، معرفی کتاب ، کتاب‌های مهم ، آثار ادبی ، جهان و ایران ، معرفی آثار ، معرفی ادبی ، معرفی مهم ، معرفی جهان ، معرفی ایران ، مهم ادبی ، مهم جهان ، مهم ایران ، ل"
در یکصد و بیست و سومین جلسه علنی شورای اسلامی شهر اصفهان از مدیران کل ارتباطات و امور بین‌الملل شهرداری و شورای شهر اصفهان تقدیر شد.,تقدیر از مدیرکل ارتباطات شهرداری اصفهان در صحن شورای شهر,تقدیر از مدیرکل ارتباطات شهرداری اصفهان در جلسه شورای شهر این شهر برگزار شد.
نمایندگان مجلس با ادامه اجرای قانون مالیات بر ارزش افزوده مصوب سال ۸۷ تا زمان بررسی و لازم‌الاجرا شدن قانون جدید موافقت کردند.,موافقت نمایندگان با اجرای قانون مالیات بر ارزش افزوده مصوب سال ۸۷,تصویب قطعنامه مجلس در مورد مالیات ارزش افزودها / ادامه قانون مصوب ۱۳۸۷ تا زمانی که قانون جدید لازم‌الاجراء شود / مخالفت نمایندگان اصولگرا با این قطعنامه / تاکید نمایندگان اصلاح‌طلب و مستقل بر ضرورت قانون جدید مالیات / تهدید برخی نمایندگان با استیضاح وزیر امور اقتصادی و دارایی در صورتی که دولت قانون جدید را به مجلس نرساند. / تصوی
جانشین معاون اجتماعی ناجا گفت: همکاری دو جانبه پلیس و سازمان نظام روانشناسی به عنوان دو نهاد همکار و همسو در کاهش آسیب‌های روانی-اجتماعی، قدرت عمل و اثربخشی اقدامات را دو چندان می‌کند.,همکاری‌های مشترک سازمان نظام روان‌شناسی و پلیس,همکاری پلیس با روانشناسان برای کاهش سوءاستفاده از موادمخدر افزایش می‌یابد / ۳۰۰ هزار نفر در سال ۹۹ تحت درمان قرار گرفتند / ۸۰ درصد معتادان به مواد مخدر در سن ۱۵ تا ۲۵ سالگی معتاد می‌شوند. / ۶۰ درصد از معتادین در سنین ۳۵ تا ۴۵ سالگی به مواد اعتیادآور روی می‌آورند. / معتاد
بازیکن جوان رئال مادرید از رویای محقق شده‌اش از بازی کردن برای تیم بزرگ رئال مادرید و حتی به ثمر رساندن گل پنالتی در دیدار فینال سوپرکاپ اسپانیاگفته است.,رودریگو: زیدان به من می‌گوید وقتی بازیکن بوده چه‌کارهایی انجام می‌داده است,محقق شدن رویای یک بازیکن ۱۸ ساله رئال‌مادرید! / تصاویر + ویدئو / گزیده / اسپانیا / فوتبال / ۲۰۱۹ / ۸ / ۳۱ / ۲۲:۰۵ / ۱۳۹۸ / آگوست / دویچه‌وله فارسی / ایران / جهان / خبری / خبر / خبر ورزشی / ورزشی / اخبار ورزشی / فوتبال ایران / لیگ برتر / لیگ قهرمانان اروپا / رئال
برخی منابع اعلام کردند به دلیل تاثیر منفی ویروس کرونا بر تقاضای نفت چین، مازاد قیمت تک‌فروشی برای شاخص نفت خام ئی‌اس‌پی‌او روسیه با کاهش بیشتری روبه‌رو شده است.,سقوط قیمت نفت صادراتی روسیه به دلیل تاثیر کرونا بر تقاضای نفت چین,کاهش قیمت تک فروشی نفت روسیه در بازار جهانی / کاهش تقاضا در چین عامل اصلی این کاهش است. / افزایش تولید نفت در آمریکا و روسیه عامل دیگر کاهش قیمت نفت است / کاهش تولید نفت عربستان سعودی در ماه آگوست ۲۰۲۰ عامل دیگر این کاهش بود. / کاهش مصرف نفت در جهان در ماه‌های آگست و سپتامبر ۲۰۲۱ از دیگر دلایل کاهش این شاخص است / نوسانات قیمت نفت در بازارهای جهانی از دیگر عوامل این کاهش
مدیرعامل سازمان آرامستان‌های شهرداری اصفهان با بیان اینکه آرامستان باغ رضوان در ایام تعطیل پیش رو باز است، گفت: مناسک خاکسپاری و خدمات غسل و کف و دفن اموات با حضور حداقلی افراد برگزار می‌شود.,آرامستان باغ رضوان تعطیل نیست,آرامستان بغ رضوان باز است / غسل، کف، دفن با حضورحداقلی انجام می‌شود / تعطیلی آرامستان‌ها تا ۳۱ اردیبهشت ادامه می‌یابد. / مراکز بهداشتی و پرستاری در آرامستانها فعال نیستند. / خدمات دفن و غسل اموات در اماکن مذهبی انجام می‌گیرد. / تدابیر لازم برای جلوگیری از شیوع ویروس کرونا
"درصد تغییرات شاخص قیمت اجاره‌بها در فصل پاییز ۱۳۹۸ نسبت به فصل مشابه سال قبل (تورم نقطه به نقطه)، ۲۱ , ۶ درصد است که نسبت به فصل تابستان ۱۳۹۸ (۲۳ ٫ ۱ درصد)، ۱ ٫ ۵ واحد درصد کاهش نشان می‌دهد.",کاهش ۱ ٫ ۵ درصدی شاخص قیمت اجاره‌بها در پاییز ۹۸,افزایش ۲۱/۶ درصدی اجاره‌نامه‌های مسکونی در پایتخت / کاهش ۱/۵ واحدی نسبت به تابستان سال جاری / تورم ۳/۲ در صبحانه و ۲/۱ در ناهار و شام / افزایش ۴/۱ واحدی در قیمت‌ها از ۳۱ شهریور تا ۳۰ آبان ۹۸
به گفته رئیس سازمان امداد و نجات جمعیت هلال‌احمر، بر اساس استاندارهای موجود کشور ما به ایجاد ۴۰۱ پایگاه دیگر برای پوشش کامل در حوادث نیازمند است.,کمبود ۴۰۱ پایگاه امداد و نجات در کشور,۴۰۰ پایگاه امدادی در سراسر کشور فعال است / نیاز به ۴۱۱ پایگاه بیشتر وجود دارد؟!؟!?!?!?!?!?!!?!?!?!?!!!?!?!??!?!?
باکو ایرنا «الهام علی‌اف» رییس‌جمهور آذربایجان گفت: نخست‌وزیر ارمنستان وقتیکه به صراحت منطقه قره‌باغ را جزو کشور خود می‌داند، مذاکراه برای حل مناقشه قره‌باغ فایده‌ای ندارد.,علی‌اف: مذاکره با ارمنستان فایده ندارد,"مذاکره در مورد مناقشة قره باغ بی‌فایده است / الهام علی‌یف »/a> </a></p> <p style=""text-align: center;""><iframe allow=""accelerometer; autoplay; clipboard-write; encrypted-media; gyroscope; picture-in-picture; web-share"" allowfullscreen="""" height=""315"" src=""https://www.youtube.com/embed/8eJ3Q6f5jgU"" style=""aspect-ratio:"
معاون بازرگانی پتروشیمی آبادان با بیان این‌که برنامه ریزان نمایشگاه ایران پلاست باید برای جذب سرمایه‌گذاری خارجی، سیاستهای کاربردی و اجرایی خوبی را طراحی و دنبال کنند، گفت: این نمایشگاه فرصتی برای تشویق تولیدکنندگان داخلی برای صادرات است.,ایران پلاست فرصت تشویق تولیدکنندگان داخلی به صادرات,نمایشگاه ایرانپلاست فرصت مناسبی برای تشويق تولیدكنندگان داخلی به صادرات كشور است / برنامه‌ریزان نمایشگاه باید سیاست‌های کاربردی داشته باشند.
تازه‌ترین برآورد بانک گلدمن ساکس نشان می‌دهد که تا سال ۲۰۲۰ میلادی، قیمت نفت در بازه ۵۰ تا ۶۰ دلار برای هر بشکه باقی خواهد ماند.,قیمت نفت در ۵ سال آینده ۵۰ تا ۶۰ دلار خواهد بود,قیمت نفت تا ۲۰۳۰ به ۵۰ دلار می‌رسد؟ / تازه‌ترین پیش‌بینی بانک گلدمکس درباره قیمت نفت
الون ماسک در توئیتر خود اعلام کرد فشار موتور رپتور موشک استارشیپ رکورد زد و پس از رسیدن به ۳۳۰ بار منفجر نشد.,موتور استارشیپ رکورد زد,رکورد ۳۳۱ بار برای موتور موشکی آمریکایی شکسته شد! / الون مسک خبر داد / تصاویر / فیلم / ویدئو / خبرگزاری فارس / اخبار ایران و جهان / ایران / خاورمیانه / جهان / سیاسی / اقتصادی / اجتماعی / فرهنگی / ورزشی / فناوری / علوم و فناوری / محیط‌زیست / حوادث / بین الملل / خبری / فارس نیوز / فarsnews / فآرس /
یک فعال سیاسی اصلاح‌طلب گفت: اصلاح طلبان باید ابتدا مشکلات مردم را بررسی کرده و به جای وعده راهکارهای عملی ارائه دهند. بهتر است اصلاح طلبان نظاره‌گر انتخابات ۱۴۰۰ باشند.,اصلاح طلبان نظاره‌گر انتخابات ۱۴۰۰ باشند,توصیه اصلاح طلب به خودشان برای انتخابات ۹۹ / نظاره گر باشیم! / راهکار عملی ارائه ندهید! / مشکلات مردم بررسی کنید! / وعده بدهید نه راهکار! / اصلاح طلب در انتخابات چه باید بکند؟! / کاندیدای اصلاح طلب چه ویژگی‌هایی باید داشته باشد؟ / کدام اصلاح طلب می‌تواند در انتخابات پیروز شود؟ / چرا اصلاح طلب‌ها در انتخابات شکست می‌خورند؟ / مشکل اصلی اصلاح طلب
وزیر راه و شهرسازی گفت: از محل برگشت اقساط طبق مصوبه مجلس تعداد زیادی از بازنشستگان، تسهیلات خرید مسکن دریافت کرده‎اند. بنابراین برگشت اقساط مسکن مهر می‌تواند در بهترین حالت خرج تکمیل مسکن مهر یا پشتیبانی از این پروژه شود.,تعداد زیادی از بازنشستگان تسهیلات خرید مسکن دریافت کرده‌اند,برگشت ۳۰۰ میلیارد تومان از اقسای مسکن‌مهر برای تکمیل این پروژه است. / تکمیل ۵۰۰ هزار واحد مسکن در سال ۹۹ / ۱۰۰ درصد مسکن‌های تکمیل‌شده با کمک دولت است.
مهلت رفع تعهد واردات همه کالاهای باقی‌مانده در گمرکات از زمان تامین ارز، سه ماه در نظر گرفته‌شده و موارد استثناء توسط وزارت صنعت، بررسی و برای تمدید مهلت به بانک مرکزی اعلام می‌شود.,گمرک: مهلت رفع تعهد واردات کالاها از زمان تامین ارز است,مهلت سه‌ماهه برای تامین تعهدات واردات کالا اعلام شد / استثنائات توسط صنعت بررسی می‌شود
سرپرست معاونت خدمات شهری شهرداری قزوین گفت: ساخت مرکز مدیریت بحران شهرداری قزوین با ۲۴ میلیارد ریال اعتبار از سال آینده آغاز خواهد شد.,آغاز ساخت مرکز مدیریت بحران شهرداری قزوین از سال آینده,آغاز ساخت مرکز کنترل حوادث شهرداری در سال آینده / 24 میلیارد تومان بودجه اختصاص داده شده است.
یاغی اولین فرد در شاخه جدیدی از علم شیمی است که می‌توان با آن مواد جدیدی را تولید کرد، این مواد قادر به حبس دی‌اکسیدکربن و تولید آب از هوا (اتمسفر) بوده در آینده برای منابع انرژی پاک می‌توان از آنها استفاده کرد.,عمر یاغی و شیمی مشبک,یاغی، نخستین ماده شیمیایی که می‌تواند هوا را به آب تبدیل کند! / می‌تواند برای تولید انرژی پاک مورد استفاده قرار گیرد.
تفاهمنامه علمی، پژوهشی، فناوری میان شرکت ملی پخش فرآورده‌های نفتی منطقه همدان و دانشگاه بوعلی سینا به امضا رسید.,همکاری پژوهشی شرکت ملی پخش همدان و دانشگاه بوعلی سینا,امضای تفاهم‌نامه میان شرکت پخش نفتی و دانشگاه علوم پزشکی همدان / همکاری در زمینه تحقیقات و پژوهش‌ها و فناوری‌های نوین در صنعت نفت و گاز و پالایش و پخش محصولات نفتی در استان همدان برقرار شد.
مدیر کل میراث فرهنگی، گردشگری و صنایع‌دستی استان اصفهان از اجرای عملیات مرمت اضطراری سی و سه پل اصفهان توسط گروه امانی اداره کل میراث فرهنگی، گردشگری و صنایع‌دستی استان خبر داد.,اجرای عملیات مرمت اضطراری سی و سه پل اصفهان,مرمت ۳۳ پل اصفهان آغاز شد / امانیان با ۳۰۰ میلیارد ریال هزینه در ۶ ماه تمام شد / ۱۰۰ میلیون نفر از این پل‌ها عبور می‌کنند / ۲ هزار سال قدمت دارد / ۵۰۰ متر طول و ۳ متر عرض دارد / از کاشان به اصفهان می‌رسد / ۷۰ درصد از پل‌ها تخریب شده است / ۳۰ درصد باقی مانده است / در حال حاضر ۸۰ درصد
نمایندگان مجلس شورای اسلامی مقرر کردند هلال‌احمر از پرداخت مالیات بر بودجه دولتی اختصاص‌یافته شده به این سازمان، معاف شود.,معافیت هلال‌احمر از پرداخت مالیات,معافیت مالیاتی هلال احمر از بودجه دولت تصویب شد / ۳ هزار میلیارد تومان بودجه اختصاص یافت / ۵ درصد افزایش حقوق پرسنل / ۱۰۰ درصد افزایش حق‌الزحمه پزشکان و پرستاران / ۵۰ درصد حق الزحمه دندانپزشکان و داروسازان / ۲۵ درصد حق‌العمل کارشناسان و کارمندان غیرپزشکی / ۱۵ درصد حق العمل کارم
یکی از کارآفرینان دوره سیزدهم جشنواره شیخ بهایی ایده ساخت صفحات جاذب گرمایی را مطرح می‌کند.,ذخیره گرمای اماکن با کمک ایده صفحات جاذب گرمایی,صفحه جاذبی گرمایی برای کاهش مصرف انرژی در ساختمان‌ها / ایده‌ای برای کاهش هزینه‌ها و صرفه‌جویی در مصرف آب و برق ساختمان‌ها.
مدیر اکتشاف شرکت ملی نفت ایران از پیشرفت مناسب قراردادهای پژوهشی حوزه اکتشاف شرکت ملی نفت ایران خبر داد و گفت: از مجموع پنج قرارداد امضا شده با دانشگاه‎ها، فاز نخست حداقل سه قرارداد تا پایان سال نهایی و تکمیل می‎شود.,فاز نخست قراردادهای پژوهشی حوزه اکتشاف در شرف تکمیل است,پیشرفت قابل توجه در قراردادهای پژوهش دانشگاهی نفت ایران / تکمیل فاز اول ۳ قرارداد در سال جاری / ۵ قرارداد پژوهشی با دانشگاه‌ها امضا شد / ۲ قرارداد با دانشگاه صنعتی شریف / ۱ قرارداد بادانشگاه صنعتی امیرکبیر / یک قرارداد با دانشکده نفت و گاز دانشگاه صنعتی سهند رشت / ۴ قرارداد با سایر دانشگاه‌ها / ۶ قرارداد با شرکت‌های خصوصی / ۷ قرارداد با نهادهای
توکلی، کارشناس ارشد جغرافیای برنامه‌ریزی شهری گفت: وزیر راه و شهرسازی به مدیر عامل شرکت مادر تخصصی عمران شهرهای جدید تکلیف کرده حداقل تا پایان سال جاری و حداکثر تا پایان عمر دولت دوازدهم تمامی پروژه‌های باقی‌مانده مسکن مهر را در شهرهای جدید تکمیل و در اختیار متقاضیان قرار گیرد.,پرونده مسکن مهر، به زودی بسته می‌شود,تکمیل پروژه‌های مسکونی شهرهای جدید تا پایان امسال الزامی است / تکمیل ۳۰۰ هزار واحد مسکن تا پایان دولت دهم الزام‌آور بود / ۵۰۰ هزار متر مربع زمین برای ساخت مسکن جدید در نظر گرفته شده است. / ۶۰ درصد واحدهای ساخته شده مسکون مهر در شهرهای قدیمی واقع شده است / ۷۰ درصد از واحدهای باقی مانده مسکین مهر در شهر جدید کاشان واقع شده اند
علایی، معاون سازمان خصوصی‌سازی از احتمال تمدید زمان پذیره‌نویسی صندوق ETF دولتی (دارا دوم) به مدت یک هفته خبر داد.,احتمال تمدید مهلت پذیره‌نویسی صندوق ETF پالایشی,تمدید تا یک هفته برای پذیری صندوق دارا دوم / احتمال کاهش نرخ بازدهی ۲ تا ۳ درصدی این صندوق وجود دارد.
نمایندگان مجلس با در اولویت قرار گرفتن بررسی طرح اصلاح موادی از قانون انتخابات ریاست جمهوری و شوراهای اسلامی شهر و روستا موافقت کردند.,طرح اصلاح قانون انتخابات ریاست‌جمهوری با اولویت بررسی می‌شود,تصویب طرح اصلاح قانون انتخابات در دستور کار مجلس قرار می‌گیرد / نمایندگان به بررسی آن می‌پردازند.
متقاضیان می‌توانند از امروز یکشنبه ۲۲ دی‌ماه برای ثبت‌نام جدید آزمون TOEFL به سایت سنجش کشور مراجعه کنند.,هزینه آزمون TOEFLچقدر است؟,ثبت‌نام در آزمون زبان انگلیسی (TOEFL) از امروز آغاز می‌شود / زمان برگزاری آزمون اعلام شد.
گرگان ایرنا شهردار گرگان از فراهم شدن بستر واگذاری مدیریت باغ مزار استاد لطفی قلندر موسیقی ایران در محله سرچشمه این شهر به بخش خصوصی خبر داد و گفت: شرکت‌های فرهنگی و هنری در اولویت این واگذاری قرار دارند.,باغ مزار استاد لطفی به بخش خصوصی واگذار می‌شود,واگذار کردن مدیریت باغ لطفعلی قلندر به بخش غیردولتی /اولویت شرکت‌های هنری و فرهنگی است. /گرگان /ایران /شهرستان گرگان /باغ مزار قلندر /بخش خصوصی /شرکت‌های فرهنگی /هنری /اداره کل میراث فرهنگی و گردشگری استان گلستان /شهردار گرکان /سازمان شهرداری شهرستان گرگان. /مازندران /استان مازندران
رئیس دانشگاه علوم پزشکی و خدمات بهداشتی و درمانی استان مرکزی، آمار فوتی و مبتلایان به کرونا ۲۵ آبان ماه را تشریح کرد.,آمار کرونا مرکزی ۲۵ آبان؛ ۳۸ فوتی و ۶۲۲ ابتلای جدید,آمار کرونای استان مرکزی / ۵ فوتی در ۲۴ ساعت گذشته / ۳۴۶ بیمار در بیمارستان‌ها / ۲ هزار و ۵۰۰ نفر در قرنطینه / ۱۰۰ بیمار در بخش مراقبت‌های ویژه بستری هستند.
